date,nombre de bornes
2014-01-20,1
2014-03-18,2
2014-04-14,1
2014-06-30,2
2015-05-28,18
2015-05-29,10
2015-06-02,1
2015-07-01,64
2015-07-21,4
2015-09-08,2
2015-09-09,4
2015-09-11,4
2015-09-13,2
2015-09-14,2
2015-09-17,4
2015-09-18,6
2015-09-21,2
2015-10-02,6
2015-10-05,2
2015-10-08,2
2015-10-15,2
2015-10-19,2
2015-11-06,4
2015-12-01,2
2015-12-02,2
2015-12-14,4
2015-12-15,2
2015-12-18,2
2015-12-21,4
2015-12-22,18
2016-01-05,4
2016-01-08,2
2016-01-11,2
2016-01-13,2
2016-01-15,4
2016-01-18,2
2016-01-19,10
2016-01-20,6
2016-01-22,14
2016-01-25,4
2016-01-27,4
2016-01-28,8
2016-02-01,16
2016-02-02,4
2016-02-04,2
2016-02-05,2
2016-02-07,2
2016-02-09,3
2016-02-10,6
2016-02-11,2
2016-02-15,6
2016-02-17,4
2016-02-19,2
2016-02-21,2
2016-02-23,12
2016-03-02,2
2016-03-03,8
2016-03-07,4
2016-03-08,4
2016-03-10,2
2016-03-11,2
2016-03-14,7
2016-03-15,4
2016-03-21,2
2016-03-22,4
2016-03-23,8
2016-03-26,2
2016-03-29,2
2016-03-31,4
2016-04-05,4
2016-04-06,2
2016-04-08,6
2016-04-13,6
2016-04-20,4
2016-04-21,2
2016-04-22,2
2016-04-26,2
2016-05-02,6
2016-05-03,2
2016-05-09,2
2016-05-11,8
2016-05-13,2
2016-05-17,2
2016-05-22,2
2016-05-23,2
2016-05-25,4
2016-05-26,10
2016-05-27,12
2016-05-30,10
2016-06-01,4
2016-06-02,2
2016-06-05,2
2016-06-07,2
2016-06-08,2
2016-06-14,10
2016-06-15,2
2016-06-16,2
2016-06-17,4
2016-06-21,6
2016-06-22,4
2016-06-23,8
2016-06-27,4
2016-06-28,4
2016-06-30,6
2016-07-01,2
2016-07-04,10
2016-07-06,2
2016-07-07,2
2016-07-08,17
2016-07-09,1
2016-07-11,4
2016-07-12,2
2016-07-13,14
2016-07-18,2
2016-07-21,2
2016-07-22,10
2016-07-25,1
2016-07-26,4
2016-07-27,2
2016-08-03,2
2016-08-04,4
2016-08-05,2
2016-08-08,4
2016-08-10,26
2016-08-11,18
2016-08-12,20
2016-08-13,2
2016-08-17,8
2016-08-18,10
2016-08-19,2
2016-08-25,4
2016-08-29,4
2016-08-31,40
2016-09-02,14
2016-09-06,4
2016-09-07,26
2016-09-08,8
2016-09-09,4
2016-09-12,6
2016-09-14,4
2016-09-15,1
2016-09-16,2
2016-09-19,2
2016-09-20,8
2016-09-22,2
2016-09-23,8
2016-09-25,2
2016-09-26,8
2016-09-27,2
2016-09-28,5
2016-09-29,3
2016-09-30,14
2016-10-01,1
2016-10-02,3
2016-10-04,7
2016-10-05,11
2016-10-06,15
2016-10-07,19
2016-10-12,12
2016-10-13,12
2016-10-14,12
2016-10-17,8
2016-10-19,8
2016-10-20,8
2016-10-21,2
2016-10-23,4
2016-10-24,4
2016-10-25,2
2016-10-28,15
2016-10-30,2
2016-11-02,4
2016-11-03,10
2016-11-04,18
2016-11-07,18
2016-11-09,3
2016-11-15,10
2016-11-17,1
2016-11-18,9
2016-11-21,2
2016-11-22,9
2016-11-23,2
2016-11-24,8
2016-11-25,2
2016-11-27,1
2016-11-28,2
2016-11-29,5
2016-11-30,6
2016-12-01,10
2016-12-02,50
2016-12-05,9
2016-12-06,12
2016-12-07,8
2016-12-08,4
2016-12-09,12
2016-12-10,2
2016-12-12,5
2016-12-14,22
2016-12-15,2
2016-12-16,18
2016-12-18,1
2016-12-19,7
2016-12-20,3
2016-12-21,4
2016-12-22,8
2016-12-23,2
2016-12-27,2
2016-12-28,2
2017-01-01,132
2017-01-02,4
2017-01-04,16
2017-01-05,2
2017-01-06,1
2017-01-07,1
2017-01-09,2
2017-01-10,1
2017-01-11,8
2017-01-12,1
2017-01-13,11
2017-01-15,3
2017-01-16,7
2017-01-17,2
2017-01-19,10
2017-01-21,2
2017-01-22,1
2017-01-24,2
2017-01-25,8
2017-01-26,2
2017-01-27,4
2017-01-30,4
2017-01-31,18
2017-02-01,11
2017-02-02,24
2017-02-03,14
2017-02-06,10
2017-02-07,20
2017-02-08,1
2017-02-09,7
2017-02-10,4
2017-02-12,4
2017-02-13,4
2017-02-14,16
2017-02-15,8
2017-02-16,16
2017-02-17,8
2017-02-18,1
2017-02-20,2
2017-02-21,2
2017-02-22,10
2017-02-23,12
2017-02-24,10
2017-02-25,1
2017-02-28,13
2017-03-01,12
2017-03-02,2
2017-03-03,16
2017-03-04,1
2017-03-06,10
2017-03-07,22
2017-03-08,15
2017-03-09,3
2017-03-10,11
2017-03-13,2
2017-03-14,15
2017-03-15,2
2017-03-16,4
2017-03-17,31
2017-03-19,1
2017-03-20,21
2017-03-21,9
2017-03-22,12
2017-03-23,3
2017-03-24,12
2017-03-27,17
2017-03-28,22
2017-03-29,6
2017-03-30,16
2017-03-31,7
2017-04-03,10
2017-04-04,10
2017-04-06,4
2017-04-07,43
2017-04-10,5
2017-04-11,10
2017-04-12,15
2017-04-13,88
2017-04-14,31
2017-04-15,50
2017-04-16,1
2017-04-18,3
2017-04-19,2
2017-04-20,6
2017-04-21,7
2017-04-23,1
2017-04-24,65
2017-04-25,31
2017-04-27,19
2017-04-28,100
2017-04-29,2
2017-04-30,1
2017-05-01,1
2017-05-02,35
2017-05-03,7
2017-05-04,18
2017-05-05,11
2017-05-09,5
2017-05-10,17
2017-05-11,69
2017-05-12,26
2017-05-13,3
2017-05-14,2
2017-05-15,11
2017-05-16,58
2017-05-17,35
2017-05-18,32
2017-05-19,6
2017-05-22,4
2017-05-23,14
2017-05-24,7
2017-05-25,1
2017-05-26,11
2017-05-27,3
2017-05-29,4
2017-05-30,13
2017-05-31,5
2017-06-01,2
2017-06-02,9
2017-06-06,10
2017-06-08,5
2017-06-09,6
2017-06-10,2
2017-06-12,1
2017-06-13,2
2017-06-14,58
2017-06-15,1
2017-06-16,50
2017-06-19,38
2017-06-20,18
2017-06-21,23
2017-06-22,1
2017-06-23,10
2017-06-26,8
2017-06-27,7
2017-06-28,44
2017-06-29,11
2017-07-02,1
2017-07-03,5
2017-07-04,3
2017-07-05,12
2017-07-06,3
2017-07-07,14
2017-07-09,1
2017-07-10,14
2017-07-11,2
2017-07-12,4
2017-07-13,12
2017-07-14,4
2017-07-15,3
2017-07-16,8
2017-07-17,22
2017-07-18,4
2017-07-19,1
2017-07-20,7
2017-07-21,11
2017-07-22,4
2017-07-23,2
2017-07-24,1
2017-07-25,1
2017-07-26,16
2017-07-27,5
2017-07-28,4
2017-07-29,5
2017-07-30,2
2017-07-31,6
2017-08-01,1
2017-08-02,28
2017-08-03,31
2017-08-04,1
2017-08-05,1
2017-08-06,2
2017-08-07,3
2017-08-09,1
2017-08-10,5
2017-08-11,8
2017-08-12,3
2017-08-13,1
2017-08-14,8
2017-08-15,2
2017-08-16,1
2017-08-17,1
2017-08-18,1
2017-08-19,2
2017-08-21,4
2017-08-22,4
2017-08-23,28
2017-08-24,6
2017-08-25,7
2017-08-26,1
2017-08-27,1
2017-08-28,4
2017-08-29,10
2017-08-30,1
2017-08-31,8
2017-09-01,6
2017-09-02,1
2017-09-03,1
2017-09-04,23
2017-09-05,20
2017-09-06,3
2017-09-07,4
2017-09-08,2
2017-09-09,3
2017-09-10,1
2017-09-11,6
2017-09-12,8
2017-09-13,7
2017-09-14,9
2017-09-15,1
2017-09-16,4
2017-09-17,3
2017-09-18,3
2017-09-19,16
2017-09-20,7
2017-09-22,10
2017-09-23,2
2017-09-24,2
2017-09-25,9
2017-09-26,2
2017-09-27,3
2017-09-28,5
2017-09-29,8
2017-09-30,3
2017-10-01,2
2017-10-02,3
2017-10-04,5
2017-10-05,18
2017-10-06,1
2017-10-08,1
2017-10-09,4
2017-10-10,4
2017-10-11,5
2017-10-12,7
2017-10-13,13
2017-10-14,4
2017-10-15,3
2017-10-16,2
2017-10-18,7
2017-10-19,9
2017-10-20,5
2017-10-21,3
2017-10-22,1
2017-10-23,6
2017-10-24,16
2017-10-25,5
2017-10-26,2
2017-10-27,7
2017-10-28,2
2017-10-29,3
2017-10-31,7
2017-11-01,6
2017-11-02,17
2017-11-03,15
2017-11-04,5
2017-11-05,3
2017-11-06,10
2017-11-07,4
2017-11-08,6
2017-11-09,12
2017-11-10,4
2017-11-11,1
2017-11-12,1
2017-11-13,7
2017-11-14,8
2017-11-15,2
2017-11-16,22
2017-11-17,4
2017-11-18,2
2017-11-19,1
2017-11-20,4
2017-11-21,17
2017-11-22,4
2017-11-23,1
2017-11-24,22
2017-11-25,3
2017-11-26,2
2017-11-27,7
2017-11-28,8
2017-11-29,5
2017-11-30,34
2017-12-01,5
2017-12-02,2
2017-12-03,1
2017-12-04,27
2017-12-05,9
2017-12-06,18
2017-12-07,22
2017-12-08,9
2017-12-10,3
2017-12-12,2
2017-12-13,1
2017-12-14,6
2017-12-15,14
2017-12-16,4
2017-12-17,2
2017-12-18,29
2017-12-19,5
2017-12-20,10
2017-12-21,12
2017-12-22,10
2017-12-23,1
2017-12-24,1
2017-12-25,1
2017-12-26,7
2017-12-27,25
2017-12-28,8
2017-12-29,4
2017-12-30,2
2017-12-31,1
2018-01-01,2
2018-01-03,1
2018-01-05,1
2018-01-06,1
2018-01-09,1
2018-01-10,2
2018-01-11,36
2018-01-12,11
2018-01-13,3
2018-01-14,3
2018-01-15,25
2018-01-16,2
2018-01-17,11
2018-01-18,3
2018-01-19,26
2018-01-20,2
2018-01-21,2
2018-01-22,2
2018-01-23,6
2018-01-24,11
2018-01-25,17
2018-01-26,6
2018-01-27,1
2018-01-28,3
2018-01-29,6
2018-01-30,2
2018-01-31,1
2018-02-01,6
2018-02-03,4
2018-02-04,3
2018-02-05,13
2018-02-06,6
2018-02-07,12
2018-02-08,8
2018-02-09,9
2018-02-10,5
2018-02-11,2
2018-02-12,4
2018-02-13,1
2018-02-14,7
2018-02-15,14
2018-02-16,15
2018-02-17,4
2018-02-18,2
2018-02-19,6
2018-02-20,5
2018-02-21,22
2018-02-22,9
2018-02-23,3
2018-02-24,1
2018-02-25,1
2018-02-26,5
2018-02-27,9
2018-02-28,2
2018-03-01,4
2018-03-02,4
2018-03-03,3
2018-03-05,8
2018-03-06,17
2018-03-07,2
2018-03-08,4
2018-03-09,3
2018-03-10,3
2018-03-11,2
2018-03-12,2
2018-03-13,3
2018-03-14,6
2018-03-15,5
2018-03-16,13
2018-03-17,1
2018-03-18,1
2018-03-19,6
2018-03-20,13
2018-03-21,23
2018-03-22,1
2018-03-23,23
2018-03-24,2
2018-03-25,3
2018-03-26,12
2018-03-27,1
2018-03-29,6
2018-03-30,9
2018-03-31,2
2018-04-01,5
2018-04-02,2
2018-04-03,4
2018-04-04,43
2018-04-05,6
2018-04-06,3
2018-04-07,5
2018-04-08,1
2018-04-09,9
2018-04-10,10
2018-04-11,2
2018-04-12,10
2018-04-13,3
2018-04-14,3
2018-04-15,1
2018-04-16,25
2018-04-17,9
2018-04-18,12
2018-04-19,37
2018-04-20,1
2018-04-21,4
2018-04-22,2
2018-04-23,4
2018-04-24,4
2018-04-25,1
2018-04-26,44
2018-04-27,14
2018-04-29,3
2018-04-30,1
2018-05-01,1
2018-05-03,6
2018-05-04,5
2018-05-05,2
2018-05-06,1
2018-05-07,1
2018-05-08,1
2018-05-09,3
2018-05-10,4
2018-05-11,2
2018-05-12,2
2018-05-13,2
2018-05-14,2
2018-05-15,9
2018-05-16,5
2018-05-17,5
2018-05-18,4
2018-05-19,3
2018-05-21,6
2018-05-22,6
2018-05-23,26
2018-05-24,10
2018-05-25,2
2018-05-26,2
2018-05-27,3
2018-05-28,14
2018-05-29,35
2018-05-30,13
2018-05-31,9
2018-06-01,16
2018-06-02,5
2018-06-03,2
2018-06-04,4
2018-06-05,23
2018-06-06,23
2018-06-07,21
2018-06-08,8
2018-06-09,2
2018-06-10,2
2018-06-11,28
2018-06-12,24
2018-06-13,20
2018-06-14,33
2018-06-15,3
2018-06-16,3
2018-06-17,3
2018-06-18,9
2018-06-19,10
2018-06-20,5
2018-06-22,11
2018-06-24,2
2018-06-25,2
2018-06-26,16
2018-06-27,21
2018-06-28,7
2018-06-29,9
2018-06-30,6
2018-07-01,3
2018-07-02,29
2018-07-03,20
2018-07-04,18
2018-07-05,16
2018-07-06,13
2018-07-07,1
2018-07-08,1
2018-07-09,18
2018-07-10,4
2018-07-11,3
2018-07-12,5
2018-07-13,5
2018-07-14,3
2018-07-15,5
2018-07-16,1
2018-07-17,2
2018-07-18,5
2018-07-19,10
2018-07-20,11
2018-07-21,3
2018-07-22,1
2018-07-23,1
2018-07-24,6
2018-07-25,3
2018-07-26,6
2018-07-27,3
2018-07-28,4
2018-07-29,2
2018-07-30,8
2018-07-31,6
2018-08-01,3
2018-08-02,3
2018-08-03,7
2018-08-04,2
2018-08-06,1
2018-08-07,10
2018-08-08,9
2018-08-09,1
2018-08-10,5
2018-08-11,2
2018-08-12,2
2018-08-13,4
2018-08-15,1
2018-08-16,5
2018-08-18,4
2018-08-19,2
2018-08-20,2
2018-08-21,5
2018-08-22,7
2018-08-23,5
2018-08-24,9
2018-08-25,5
2018-08-26,7
2018-08-27,2
2018-08-28,3
2018-08-29,1
2018-08-30,5
2018-08-31,10
2018-09-01,1
2018-09-02,2
2018-09-03,5
2018-09-04,4
2018-09-05,4
2018-09-06,1
2018-09-07,8
2018-09-08,1
2018-09-09,1
2018-09-10,10
2018-09-11,1
2018-09-12,3
2018-09-13,5
2018-09-14,12
2018-09-15,3
2018-09-16,2
2018-09-18,2
2018-09-19,3
2018-09-20,5
2018-09-21,7
2018-09-22,4
2018-09-23,5
2018-09-24,3
2018-09-25,12
2018-09-26,5
2018-09-27,3
2018-09-28,2
2018-09-29,4
2018-09-30,2
2018-10-01,7
2018-10-02,1
2018-10-03,7
2018-10-04,8
2018-10-05,7
2018-10-07,2
2018-10-08,7
2018-10-09,4
2018-10-10,2
2018-10-11,31
2018-10-12,3
2018-10-13,6
2018-10-14,4
2018-10-15,3
2018-10-16,2
2018-10-17,6
2018-10-18,1
2018-10-19,4
2018-10-20,3
2018-10-21,3
2018-10-22,2
2018-10-23,6
2018-10-24,1
2018-10-26,2
2018-10-27,3
2018-10-28,3
2018-10-29,7
2018-10-30,6
2018-10-31,2
2018-11-01,2
2018-11-02,4
2018-11-03,3
2018-11-04,3
2018-11-05,5
2018-11-06,3
2018-11-08,10
2018-11-09,3
2018-11-10,3
2018-11-11,1
2018-11-12,2
2018-11-13,5
2018-11-14,17
2018-11-15,7
2018-11-16,7
2018-11-18,3
2018-11-19,2
2018-11-20,3
2018-11-21,14
2018-11-22,3
2018-11-23,3
2018-11-24,2
2018-11-25,1
2018-11-26,3
2018-11-27,16
2018-11-28,2
2018-11-29,3
2018-11-30,5
2018-12-01,2
2018-12-02,1
2018-12-03,1
2018-12-04,2
2018-12-05,1
2018-12-06,3
2018-12-07,4
2018-12-08,5
2018-12-09,2
2018-12-10,6
2018-12-11,29
2018-12-12,5
2018-12-13,4
2018-12-14,2
2018-12-15,4
2018-12-16,2
2018-12-17,3
2018-12-18,1
2018-12-19,3
2018-12-20,6
2018-12-21,1
2018-12-22,2
2018-12-23,2
2018-12-24,1
2018-12-26,5
2018-12-27,7
2018-12-28,2
2018-12-29,5
2018-12-30,2
2018-12-31,1
2019-01-01,1
2019-01-03,3
2019-01-04,1
2019-01-05,3
2019-01-06,2
2019-01-07,5
2019-01-08,2
2019-01-09,1
2019-01-10,4
2019-01-11,2
2019-01-12,2
2019-01-13,1
2019-01-14,5
2019-01-15,3
2019-01-16,9
2019-01-17,29
2019-01-18,32
2019-01-19,1
2019-01-20,2
2019-01-21,41
2019-01-22,38
2019-01-23,31
2019-01-24,30
2019-01-25,34
2019-01-26,2
2019-01-27,2
2019-01-28,42
2019-01-29,55
2019-01-30,58
2019-01-31,40
2019-02-01,12
2019-02-02,3
2019-02-03,1
2019-02-04,10
2019-02-05,5
2019-02-06,5
2019-02-07,15
2019-02-08,19
2019-02-09,7
2019-02-10,3
2019-02-11,38
2019-02-12,32
2019-02-13,42
2019-02-14,23
2019-02-15,12
2019-02-16,1
2019-02-17,2
2019-02-18,14
2019-02-19,4
2019-02-20,2
2019-02-21,1
2019-02-22,3
2019-02-23,3
2019-02-24,1
2019-02-25,4
2019-02-26,12
2019-02-27,2
2019-02-28,13
2019-03-01,6
2019-03-02,2
2019-03-03,6
2019-03-04,11
2019-03-05,10
2019-03-06,1
2019-03-07,1
2019-03-08,2
2019-03-09,3
2019-03-10,2
2019-03-11,4
2019-03-12,4
2019-03-13,8
2019-03-14,4
2019-03-15,2
2019-03-16,6
2019-03-17,3
2019-03-18,22
2019-03-19,1
2019-03-20,3
2019-03-21,2
2019-03-22,2
2019-03-23,2
2019-03-25,8
2019-03-26,5
2019-03-27,16
2019-03-28,2
2019-03-29,5
2019-03-31,3
2019-04-01,7
2019-04-02,2
2019-04-04,6
2019-04-05,9
2019-04-06,2
2019-04-07,4
2019-04-08,4
2019-04-09,10
2019-04-10,4
2019-04-11,2
2019-04-12,6
2019-04-13,1
2019-04-14,2
2019-04-15,10
2019-04-16,2
2019-04-17,2
2019-04-19,1
2019-04-20,3
2019-04-21,2
2019-04-22,1
2019-04-23,8
2019-04-24,2
2019-04-26,16
2019-04-27,3
2019-04-28,2
2019-04-29,2
2019-04-30,5
2019-05-02,10
2019-05-03,1
2019-05-04,2
2019-05-05,1
2019-05-06,3
2019-05-07,3
2019-05-09,2
2019-05-10,3
2019-05-11,3
2019-05-12,2
2019-05-13,5
2019-05-14,1
2019-05-15,2
2019-05-16,16
2019-05-17,30
2019-05-18,3
2019-05-19,4
2019-05-20,2
2019-05-21,1
2019-05-22,4
2019-05-23,1
2019-05-24,6
2019-05-25,9
2019-05-27,3
2019-05-28,4
2019-05-29,6
2019-05-30,3
2019-05-31,12
2019-06-02,3
2019-06-04,1
2019-06-05,3
2019-06-06,9
2019-06-07,4
2019-06-08,2
2019-06-09,1
2019-06-10,2
2019-06-11,5
2019-06-12,1
2019-06-13,5
2019-06-14,1
2019-06-15,2
2019-06-16,6
2019-06-17,2
2019-06-18,5
2019-06-19,1
2019-06-20,5
2019-06-21,3
2019-06-22,2
2019-06-23,1
2019-06-24,3
2019-06-25,3
2019-06-26,24
2019-06-28,6
2019-06-30,1
2019-07-01,3
2019-07-02,13
2019-07-03,41
2019-07-04,9
2019-07-05,6
2019-07-06,2
2019-07-07,2
2019-07-10,2
2019-07-11,1
2019-07-12,8
2019-07-13,3
2019-07-14,1
2019-07-15,30
2019-07-16,1
2019-07-17,2
2019-07-18,4
2019-07-19,6
2019-07-20,2
2019-07-21,5
2019-07-22,1
2019-07-24,4
2019-07-25,4
2019-07-26,2
2019-07-27,2
2019-07-28,2
2019-07-29,3
2019-07-30,3
2019-08-01,8
2019-08-02,5
2019-08-03,7
2019-08-04,4
2019-08-05,7
2019-08-06,5
2019-08-07,9
2019-08-08,10
2019-08-09,3
2019-08-10,1
2019-08-12,2
2019-08-13,1
2019-08-14,3
2019-08-15,2
2019-08-16,20
2019-08-17,1
2019-08-18,1
2019-08-19,1
2019-08-20,1
2019-08-21,2
2019-08-22,1
2019-08-24,5
2019-08-27,4
2019-08-29,3
2019-08-30,2
2019-08-31,1
2019-09-01,2
2019-09-02,1
2019-09-03,1
2019-09-04,3
2019-09-05,10
2019-09-06,3
2019-09-07,6
2019-09-08,4
2019-09-09,7
2019-09-10,1
2019-09-12,1
2019-09-13,8
2019-09-15,1
2019-09-17,21
2019-09-18,4
2019-09-19,4
2019-09-20,4
2019-09-23,4
2019-09-25,3
2019-09-26,13
2019-09-27,10
2019-09-28,1
2019-09-30,17
2019-10-01,12
2019-10-02,7
2019-10-03,3
2019-10-05,1
2019-10-06,1
2019-10-07,2
2019-10-09,7
2019-10-10,2
2019-10-11,7
2019-10-12,3
2019-10-13,2
2019-10-14,3
2019-10-15,1
2019-10-17,3
2019-10-18,6
2019-10-22,7
2019-10-23,4
2019-10-24,1
2019-10-25,3
2019-10-26,3
2019-10-27,2
2019-10-28,1
2019-10-29,11
2019-10-30,9
2019-10-31,14
2019-11-04,18
2019-11-05,7
2019-11-07,2
2019-11-08,19
2019-11-09,3
2019-11-11,3
2019-11-12,1
2019-11-13,7
2019-11-14,7
2019-11-15,7
2019-11-16,4
2019-11-18,7
2019-11-19,1
2019-11-20,22
2019-11-21,5
2019-11-22,5
2019-11-23,1
2019-11-25,2
2019-11-26,602
2019-11-27,29
2019-11-28,20
2019-11-29,8
2019-11-30,1
2019-12-01,1
2019-12-02,50
2019-12-03,84
2019-12-04,88
2019-12-05,102
2019-12-06,24
2019-12-07,11
2019-12-08,3
2019-12-09,44
2019-12-10,47
2019-12-11,35
2019-12-12,26
2019-12-13,24
2019-12-14,5
2019-12-15,2
2019-12-16,12
2019-12-17,21
2019-12-18,10
2019-12-19,13
2019-12-20,7
2019-12-21,4
2019-12-22,1
2019-12-23,6
2019-12-24,7
2019-12-25,2
2019-12-26,15
2019-12-27,14
2019-12-28,2
2019-12-29,4
2019-12-30,14
2019-12-31,2
2020-01-01,1
2020-01-02,3
2020-01-03,4
2020-01-04,2
2020-01-05,3
2020-01-06,15
2020-01-07,4
2020-01-08,6
2020-01-09,8
2020-01-10,7
2020-01-11,3
2020-01-12,1
2020-01-13,6
2020-01-14,10
2020-01-15,15
2020-01-17,11
2020-01-18,5
2020-01-19,1
2020-01-20,9
2020-01-21,17
2020-01-22,2
2020-01-23,10
2020-01-24,1
2020-01-25,1
2020-01-26,2
2020-01-27,7
2020-01-28,36
2020-01-29,4
2020-01-30,13
2020-01-31,5
2020-02-01,2
2020-02-02,1
2020-02-03,4
2020-02-04,14
2020-02-05,17
2020-02-06,17
2020-02-07,9
2020-02-08,3
2020-02-10,3
2020-02-11,5
2020-02-12,68
2020-02-13,24
2020-02-14,65
2020-02-15,2
2020-02-16,3
2020-02-17,23
2020-02-18,72
2020-02-19,125
2020-02-20,95
2020-02-21,11
2020-02-22,2
2020-02-24,5
2020-02-25,13
2020-02-26,11
2020-02-27,60
2020-02-28,1
2020-02-29,5
2020-03-01,6
2020-03-02,5
2020-03-03,4
2020-03-04,17
2020-03-05,10
2020-03-06,3
2020-03-07,1
2020-03-09,13
2020-03-10,72
2020-03-11,83
2020-03-12,17
2020-03-13,25
2020-03-14,3
2020-03-15,1
2020-03-16,2
2020-03-18,4
2020-03-20,1
2020-03-24,12
2020-03-26,32
2020-03-30,34
2020-03-31,62
2020-04-01,68
2020-04-02,95
2020-04-03,76
2020-04-06,42
2020-04-07,82
2020-04-08,76
2020-04-09,76
2020-04-10,60
2020-04-11,64
2020-04-13,80
2020-04-14,40
2020-04-15,70
2020-04-16,24
2020-04-20,1
2020-04-21,4
2020-04-25,1
2020-04-28,1
2020-04-30,2
2020-05-04,8
2020-05-05,6
2020-05-06,4
2020-05-07,1
2020-05-09,4
2020-05-10,2
2020-05-11,8
2020-05-12,6
2020-05-13,2
2020-05-14,10
2020-05-15,3
2020-05-16,1
2020-05-18,6
2020-05-19,13
2020-05-20,6
2020-05-21,1
2020-05-22,1
2020-05-23,3
2020-05-24,2
2020-05-25,11
2020-05-26,479
2020-05-27,37
2020-05-28,44
2020-05-29,27
2020-05-30,1
2020-05-31,1
2020-06-01,4
2020-06-02,15
2020-06-03,12
2020-06-04,68
2020-06-05,34
2020-06-06,2
2020-06-07,9
2020-06-08,36
2020-06-09,44
2020-06-10,34
2020-06-11,116
2020-06-12,215
2020-06-14,2
2020-06-15,8
2020-06-16,37
2020-06-17,21
2020-06-18,43
2020-06-19,38
2020-06-20,1
2020-06-21,1023
2020-06-22,5
2020-06-23,31
2020-06-24,36
2020-06-25,38
2020-06-26,40
2020-06-27,19
2020-06-28,5
2020-06-29,18
2020-06-30,27
2020-07-01,33
2020-07-02,31
2020-07-03,28
2020-07-04,12
2020-07-05,7
2020-07-06,31
2020-07-07,7
2020-07-08,33
2020-07-09,21
2020-07-10,19
2020-07-11,10
2020-07-12,3
2020-07-13,5
2020-07-14,5
2020-07-15,2
2020-07-16,6
2020-07-17,62
2020-07-18,5
2020-07-19,8
2020-07-20,69
2020-07-21,12
2020-07-22,34
2020-07-23,24
2020-07-24,18
2020-07-25,9
2020-07-26,6
2020-07-27,9
2020-07-28,21
2020-07-29,31
2020-07-30,52
2020-07-31,24
2020-08-01,8
2020-08-02,1
2020-08-03,22
2020-08-04,13
2020-08-05,45
2020-08-06,9
2020-08-07,9
2020-08-08,10
2020-08-09,4
2020-08-10,4
2020-08-11,10
2020-08-12,13
2020-08-13,9
2020-08-14,2
2020-08-15,4
2020-08-16,3
2020-08-17,8
2020-08-18,27
2020-08-19,4
2020-08-20,7
2020-08-21,8
2020-08-22,2
2020-08-23,2
2020-08-24,3
2020-08-25,20
2020-08-26,243
2020-08-27,49
2020-08-28,5
2020-08-29,1
2020-08-30,2
2020-08-31,10
2020-09-01,22
2020-09-02,8
2020-09-03,5
2020-09-04,17
2020-09-05,3
2020-09-06,1
2020-09-07,22
2020-09-08,8
2020-09-09,10
2020-09-10,1
2020-09-11,6
2020-09-12,3
2020-09-13,4
2020-09-14,2
2020-09-15,5
2020-09-16,18
2020-09-17,13
2020-09-18,11
2020-09-19,1
2020-09-20,3
2020-09-21,7
2020-09-22,23
2020-09-23,7
2020-09-24,14
2020-09-25,16
2020-09-26,5
2020-09-27,2
2020-09-28,10
2020-09-29,31
2020-09-30,19
2020-10-01,9
2020-10-02,1
2020-10-03,4
2020-10-05,13
2020-10-06,29
2020-10-07,40
2020-10-08,25
2020-10-09,4
2020-10-10,5
2020-10-11,1
2020-10-12,61
2020-10-13,34
2020-10-14,40
2020-10-15,44
2020-10-16,409
2020-10-17,4
2020-10-18,1
2020-10-19,51
2020-10-21,35
2020-10-22,25
2020-10-23,6
2020-10-24,1
2020-10-26,3
2020-10-27,8
2020-10-28,274
2020-10-29,12
2020-10-30,31
2020-10-31,2
2020-11-01,4
2020-11-02,5
2020-11-03,74
2020-11-04,23
2020-11-05,23
2020-11-06,5
2020-11-07,2
2020-11-08,1
2020-11-09,2
2020-11-10,43
2020-11-11,2
2020-11-12,8
2020-11-13,16
2020-11-14,2
2020-11-16,41
2020-11-17,37
2020-11-18,41
2020-11-19,29
2020-11-20,68
2020-11-21,1
2020-11-22,2
2020-11-23,9
2020-11-24,17
2020-11-25,17
2020-11-26,27
2020-11-27,18
2020-11-28,6
2020-11-29,1
2020-11-30,15
2020-12-01,7
2020-12-02,7
2020-12-03,17
2020-12-04,12
2020-12-05,1
2020-12-06,2
2020-12-07,4
2020-12-08,55
2020-12-09,149
2020-12-10,19
2020-12-11,7
2020-12-12,2
2020-12-13,2
2020-12-14,22
2020-12-15,4
2020-12-16,8
2020-12-17,21
2020-12-18,13
2020-12-19,1
2020-12-20,1
2020-12-21,34
2020-12-22,12
2020-12-23,12
2020-12-24,10
2020-12-25,6
2020-12-26,4
2020-12-27,1
2020-12-28,18
2020-12-29,3
2020-12-30,1
2020-12-31,1
2021-01-01,570
2021-01-02,4
2021-01-03,3
2021-01-04,11
2021-01-05,22
2021-01-06,28
2021-01-07,28
2021-01-08,13
2021-01-09,3
2021-01-11,12
2021-01-12,26
2021-01-13,22
2021-01-14,11
2021-01-15,72
2021-01-16,2
2021-01-17,2
2021-01-18,182
2021-01-19,334
2021-01-20,22
2021-01-21,14
2021-01-22,17
2021-01-23,2
2021-01-24,1
2021-01-25,6
2021-01-26,8
2021-01-27,79
2021-01-28,17
2021-01-29,35
2021-01-30,4
2021-01-31,3
2021-02-01,13
2021-02-02,23
2021-02-03,26
2021-02-04,22
2021-02-05,24
2021-02-06,4
2021-02-07,4
2021-02-08,4
2021-02-09,26
2021-02-10,12
2021-02-11,13
2021-02-12,2
2021-02-13,2
2021-02-15,31
2021-02-16,21
2021-02-17,12
2021-02-18,16
2021-02-19,19
2021-02-21,1
2021-02-22,20
2021-02-23,15
2021-02-24,11
2021-02-25,7
2021-02-26,43
2021-02-27,2
2021-02-28,4
2021-03-01,6
2021-03-02,15
2021-03-03,17
2021-03-04,5
2021-03-05,3
2021-03-06,10
2021-03-08,10
2021-03-09,288
2021-03-10,23
2021-03-11,27
2021-03-12,12
2021-03-13,2
2021-03-14,3
2021-03-15,237
2021-03-16,26
2021-03-17,20
2021-03-18,13
2021-03-19,87
2021-03-20,4
2021-03-21,2
2021-03-22,21
2021-03-23,18
2021-03-24,8
2021-03-25,85
2021-03-26,22
2021-03-27,2
2021-03-28,6
2021-03-29,1482
2021-03-30,43
2021-03-31,26
2021-04-01,113
2021-04-02,37
2021-04-03,4
2021-04-04,4
2021-04-05,7
2021-04-06,59
2021-04-07,71
2021-04-08,93
2021-04-09,65
2021-04-10,2
2021-04-11,1
2021-04-12,90
2021-04-13,87
2021-04-14,356
2021-04-15,117
2021-04-16,96
2021-04-17,2
2021-04-18,1
2021-04-19,91
2021-04-20,233
2021-04-21,199
2021-04-22,169
2021-04-23,131
2021-04-24,2
2021-04-25,4
2021-04-26,144
2021-04-27,173
2021-04-28,142
2021-04-29,133
2021-04-30,110
2021-05-01,4
2021-05-02,4
2021-05-03,38
2021-05-04,65
2021-05-05,24
2021-05-06,25
2021-05-07,90
2021-05-08,8
2021-05-09,4
2021-05-10,53
2021-05-11,99
2021-05-12,70
2021-05-13,5
2021-05-14,23
2021-05-15,1
2021-05-16,2
2021-05-17,22
2021-05-18,54
2021-05-19,40
2021-05-20,125
2021-05-21,67
2021-05-22,2
2021-05-24,5
2021-05-25,35
2021-05-26,44
2021-05-27,88
2021-05-28,65
2021-05-29,12
2021-05-30,9
2021-05-31,53
2021-06-01,45
2021-06-02,57
2021-06-03,59
2021-06-04,85
2021-06-05,5
2021-06-06,5
2021-06-07,297
2021-06-08,51
2021-06-09,49
2021-06-10,95
2021-06-11,51
2021-06-12,1
2021-06-13,30
2021-06-14,59
2021-06-15,48
2021-06-16,44
2021-06-17,53
2021-06-18,36
2021-06-19,2
2021-06-20,2
2021-06-21,27
2021-06-22,28
2021-06-23,46
2021-06-24,92
2021-06-25,70
2021-06-26,4
2021-06-27,1
2021-06-28,44
2021-06-29,61
2021-06-30,98
2021-07-01,110
2021-07-02,45
2021-07-03,3
2021-07-04,24
2021-07-05,47
2021-07-06,34
2021-07-07,71
2021-07-08,28
2021-07-09,54
2021-07-10,17
2021-07-11,1
2021-07-12,468
2021-07-13,138
2021-07-14,15
2021-07-15,82
2021-07-16,58
2021-07-17,3
2021-07-19,39
2021-07-20,82
2021-07-21,73
2021-07-22,92
2021-07-23,21
2021-07-24,3
2021-07-26,33
2021-07-27,22
2021-07-28,50
2021-07-29,21
2021-07-30,39
2021-07-31,1
2021-08-01,2
2021-08-02,27
2021-08-03,22
2021-08-04,47
2021-08-05,51
2021-08-06,27
2021-08-07,2
2021-08-08,1
2021-08-09,21
2021-08-10,24
2021-08-11,111
2021-08-12,50
2021-08-13,15
2021-08-14,1
2021-08-16,29
2021-08-17,72
2021-08-18,18
2021-08-19,16
2021-08-20,9
2021-08-21,1
2021-08-23,31
2021-08-24,45
2021-08-25,92
2021-08-26,78
2021-08-27,22
2021-08-28,2
2021-08-30,50
2021-08-31,32
2021-09-01,76
2021-09-02,39
2021-09-03,47
2021-09-04,30
2021-09-06,37
2021-09-07,97
2021-09-08,72
2021-09-09,31
2021-09-10,9
2021-09-11,2
2021-09-12,2
2021-09-13,10
2021-09-14,123
2021-09-15,43
2021-09-16,21
2021-09-17,24
2021-09-18,1
2021-09-19,4
2021-09-20,7
2021-09-21,86
2021-09-22,46
2021-09-23,46
2021-09-24,26
2021-09-25,1
2021-09-27,42
2021-09-28,27
2021-09-29,90
2021-09-30,30
2021-10-01,23
2021-10-02,4
2021-10-04,30
2021-10-05,30
2021-10-06,61
2021-10-07,54
2021-10-08,40
2021-10-09,1
2021-10-11,9
2021-10-12,93
2021-10-13,52
2021-10-14,37
2021-10-15,28
2021-10-16,2
2021-10-17,1
2021-10-18,31
2021-10-19,128
2021-10-20,32
2021-10-21,78
2021-10-22,46
2021-10-23,4
2021-10-24,1
2021-10-25,13
2021-10-26,151
2021-10-27,72
2021-10-28,27
2021-10-29,36
2021-10-30,2
2021-10-31,5
2021-11-01,9
2021-11-02,25
2021-11-03,128
2021-11-04,7
2021-11-05,22
2021-11-08,36
2021-11-09,94
2021-11-10,40
2021-11-12,20
2021-11-13,2
2021-11-14,1
2021-11-15,38
2021-11-16,73
2021-11-17,31
2021-11-18,22
2021-11-19,44
2021-11-20,4
2021-11-21,1
2021-11-22,29
2021-11-23,103
2021-11-24,39
2021-11-25,77
2021-11-26,485
2021-11-27,1
2021-11-28,2
2021-11-29,36
2021-11-30,26
2021-12-01,115
2021-12-02,36
2021-12-03,8
2021-12-04,27
2021-12-05,3
2021-12-06,46
2021-12-07,28
2021-12-08,53
2021-12-09,23
2021-12-10,24
2021-12-11,4
2021-12-12,3
2021-12-13,61
2021-12-14,67
2021-12-15,61
2021-12-16,28
2021-12-17,21
2021-12-18,5
2021-12-19,4
2021-12-20,112
2021-12-21,38
2021-12-22,55
2021-12-23,54
2021-12-24,46
2021-12-25,1
2021-12-26,8
2021-12-27,17
2021-12-28,47
2021-12-29,30
2021-12-30,21
2021-12-31,7
2022-01-01,29
2022-01-02,1
2022-01-03,45
2022-01-04,27
2022-01-05,20
2022-01-06,7
2022-01-07,14
2022-01-08,4
2022-01-09,6
2022-01-10,19
2022-01-11,60
2022-01-12,55
2022-01-13,82
2022-01-14,16
2022-01-15,4
2022-01-17,9
2022-01-18,230
2022-01-19,27
2022-01-20,50
2022-01-21,35
2022-01-23,3
2022-01-24,51
2022-01-25,102
2022-01-26,10
2022-01-27,58
2022-01-28,47
2022-01-29,4
2022-01-30,3
2022-01-31,53
2022-02-01,10
2022-02-02,43
2022-02-03,23
2022-02-04,36
2022-02-05,5
2022-02-07,60
2022-02-08,55
2022-02-09,73
2022-02-10,23
2022-02-11,23
2022-02-12,1
2022-02-13,2
2022-02-14,58
2022-02-15,59
2022-02-16,19
2022-02-17,11
2022-02-18,9
2022-02-19,2
2022-02-20,7
2022-02-21,58
2022-02-22,11
2022-02-23,56
2022-02-24,30
2022-02-25,43
2022-02-26,2
2022-02-27,1
2022-02-28,74
2022-03-01,16
2022-03-02,47
2022-03-03,41
2022-03-04,101
2022-03-05,5
2022-03-06,1
2022-03-07,48
2022-03-08,29
2022-03-09,35
2022-03-10,43
2022-03-11,40
2022-03-12,2
2022-03-14,16
2022-03-15,71
2022-03-16,54
2022-03-17,21
2022-03-18,30
2022-03-19,2
2022-03-20,3
2022-03-21,55
2022-03-22,97
2022-03-23,41
2022-03-24,53
2022-03-25,528
2022-03-27,1
2022-03-28,19
2022-03-29,20
2022-03-30,184
2022-03-31,69
2022-04-01,54
2022-04-03,1
2022-04-04,59
2022-04-05,18
2022-04-06,43
2022-04-07,61
2022-04-08,70
2022-04-09,3
2022-04-10,1
2022-04-11,44
2022-04-12,13
2022-04-13,29
2022-04-14,41
2022-04-15,23
2022-04-16,3
2022-04-18,2
2022-04-19,55
2022-04-20,21
2022-04-21,36
2022-04-22,45
2022-04-24,2
2022-04-25,27
2022-04-26,32
2022-04-27,50
2022-04-28,51
2022-04-29,91
2022-04-30,15
2022-05-01,5
2022-05-02,57
2022-05-03,38
2022-05-04,20
2022-05-05,66
2022-05-06,76
2022-05-08,1
2022-05-09,86
2022-05-10,76
2022-05-11,19
2022-05-12,61
2022-05-13,26
2022-05-14,7
2022-05-16,19
2022-05-17,36
2022-05-18,99
2022-05-19,47
2022-05-20,41
2022-05-21,4
2022-05-22,1
2022-05-23,36
2022-05-24,52
2022-05-25,97
2022-05-27,8
2022-05-28,2
2022-05-29,1
2022-05-30,17
2022-05-31,75
2022-06-01,85
2022-06-02,33
2022-06-03,29
2022-06-04,5
2022-06-05,3
2022-06-06,34
2022-06-07,44
2022-06-08,71
2022-06-09,68
2022-06-10,44
2022-06-11,3
2022-06-12,5
2022-06-13,27
2022-06-14,67
2022-06-15,120
2022-06-16,36
2022-06-17,40
2022-06-18,5
2022-06-19,18
2022-06-20,117
2022-06-21,70
2022-06-22,177
2022-06-23,71
2022-06-24,17
2022-06-26,2
2022-06-27,613
2022-06-28,167
2022-06-29,114
2022-06-30,183
2022-07-01,62
2022-07-02,2
2022-07-04,37
2022-07-05,37
2022-07-06,13
2022-07-07,88
2022-07-08,93
2022-07-09,20
2022-07-11,96
2022-07-12,113
2022-07-13,58
2022-07-14,2
2022-07-15,16
2022-07-17,3
2022-07-18,57
2022-07-19,29
2022-07-20,48
2022-07-21,47
2022-07-22,87
2022-07-24,3
2022-07-25,46
2022-07-26,37
2022-07-27,50
2022-07-28,57
2022-07-29,73
2022-07-30,1
2022-08-01,18
2022-08-02,17
2022-08-03,66
2022-08-04,74
2022-08-05,33
2022-08-08,65
2022-08-09,244
2022-08-10,56
2022-08-11,60
2022-08-12,48
2022-08-14,2
2022-08-15,1
2022-08-16,14
2022-08-17,14
2022-08-18,69
2022-08-19,24
2022-08-22,20
2022-08-23,34
2022-08-24,30
2022-08-25,84
2022-08-26,29
2022-08-29,24
2022-08-30,16
2022-08-31,10
2022-09-01,55
2022-09-02,16
2022-09-05,40
2022-09-06,28
2022-09-07,58
2022-09-08,57
2022-09-09,10
2022-09-12,62
2022-09-13,52
2022-09-14,142
2022-09-15,23
2022-09-16,17
2022-09-19,27
2022-09-20,46
2022-09-21,43
2022-09-22,432
2022-09-23,383
2022-09-25,12
2022-09-26,94
2022-09-27,59
2022-09-28,53
2022-09-29,103
2022-09-30,151
2022-10-01,2
2022-10-02,1
2022-10-03,35
2022-10-04,19
2022-10-05,43
2022-10-06,128
2022-10-07,87
2022-10-08,1
2022-10-10,28
2022-10-11,25
2022-10-12,30
2022-10-13,40
2022-10-14,70
2022-10-17,106
2022-10-18,79
2022-10-19,77
2022-10-20,105
2022-10-21,10
2022-10-24,20
2022-10-25,44
2022-10-26,53
2022-10-27,144
2022-10-28,59
2022-10-30,1
2022-10-31,102
2022-11-01,6
2022-11-02,26
2022-11-03,27
2022-11-04,33
2022-11-06,1
2022-11-07,28
2022-11-08,45
2022-11-09,49
2022-11-10,21
2022-11-14,9
2022-11-15,111
2022-11-16,36
2022-11-17,103
2022-11-18,29
2022-11-21,23
2022-11-22,175
2022-11-23,71
2022-11-24,43
2022-11-25,37
2022-11-27,2
2022-11-28,239
2022-11-29,104
2022-11-30,40
2022-12-01,69
2022-12-02,137
2022-12-03,4
2022-12-05,23
2022-12-06,84
2022-12-07,157
2022-12-08,148
2022-12-09,113
2022-12-10,1
2022-12-12,34
2022-12-13,37
2022-12-14,16
2022-12-15,170
2022-12-16,33
2022-12-19,168
2022-12-20,138
2022-12-21,205
2022-12-22,169
2022-12-23,105
2022-12-26,12
2022-12-27,85
2022-12-28,98
2022-12-29,91
2022-12-30,123
2023-01-01,9
2023-01-02,13
2023-01-03,22
2023-01-04,133
2023-01-05,33
2023-01-06,203
2023-01-08,6
2023-01-09,35
2023-01-10,19
2023-01-11,28
2023-01-12,78
2023-01-13,14
2023-01-15,2
2023-01-16,53
2023-01-17,60
2023-01-18,42
2023-01-19,47
2023-01-20,7
2023-01-21,1
2023-01-23,15
2023-01-24,104
2023-01-25,28
2023-01-26,9
2023-01-27,23
2023-01-30,27
2023-01-31,23
2023-02-01,29
2023-02-02,41
2023-02-03,68
2023-02-05,2
2023-02-06,51
2023-02-07,19
2023-02-08,28
2023-02-09,86
2023-02-10,74
2023-02-13,22
2023-02-14,39
2023-02-15,22
2023-02-16,13
2023-02-17,16
2023-02-19,6
2023-02-20,9
2023-02-21,23
2023-02-22,24
2023-02-23,136
2023-02-24,15
2023-02-25,1
2023-02-27,17
2023-02-28,39
2023-03-01,48
2023-03-02,23
2023-03-03,18
2023-03-06,20
2023-03-07,44
2023-03-08,434
2023-03-09,29
2023-03-10,6
2023-03-13,18
2023-03-14,33
2023-03-15,29
2023-03-16,27
2023-03-17,19
2023-03-18,4
2023-03-20,6
2023-03-21,15
2023-03-22,26
2023-03-23,8
2023-03-24,15
2023-03-30,1
2023-04-01,10
2023-04-15,1
